transaccion_id,cliente_id,fecha,categoria,item,cantidad,canal
E-T0001,E-C0068,2026-01-01,Tecnico,Calculadora,1,App
E-T0001,E-C0068,2026-01-01,Libros,Novela,1,App
E-T0001,E-C0068,2026-01-01,Arte,Pinceles,1,App
E-T0001,E-C0068,2026-01-01,Tecnico,Regla,1,App
E-T0002,E-C0056,2026-01-22,Papeleria,Lapiz,1,Web
E-T0002,E-C0056,2026-01-22,Libros,Libro_programacion,1,Web
E-T0002,E-C0056,2026-01-22,Tecnico,Memoria_USB,1,Web
E-T0003,E-C0079,2026-04-04,Tecnico,Calculadora,1,Tienda
E-T0003,E-C0079,2026-04-04,Oficina,Clips,1,Tienda
E-T0003,E-C0079,2026-04-04,Tecnico,Regla,1,Tienda
E-T0004,E-C0012,2026-02-17,Tecnico,Calculadora,1,Web
E-T0004,E-C0012,2026-02-17,Libros,Diccionario,1,Web
E-T0004,E-C0012,2026-02-17,Libros,Novela,3,Web
E-T0005,E-C0073,2026-01-26,Arte,Cartulina,1,App
E-T0005,E-C0073,2026-01-26,Oficina,Clips,1,App
E-T0005,E-C0073,2026-01-26,Papeleria,Cuaderno,1,App
E-T0005,E-C0073,2026-01-26,Libros,Libro_matematica,2,App
E-T0005,E-C0073,2026-01-26,Libros,Libro_programacion,1,App
E-T0005,E-C0073,2026-01-26,Tecnico,Memoria_USB,2,App
E-T0006,E-C0051,2026-02-01,Tecnico,Calculadora,1,App
E-T0006,E-C0051,2026-02-01,Arte,Cartulina,4,App
E-T0007,E-C0015,2026-02-09,Oficina,Engrapadora,1,Web
E-T0007,E-C0015,2026-02-09,Papeleria,Lapiz,1,Web
E-T0007,E-C0015,2026-02-09,Libros,Libro_programacion,1,Web
E-T0007,E-C0015,2026-02-09,Tecnico,Memoria_USB,1,Web
E-T0008,E-C0010,2026-04-06,Oficina,Folder,2,
E-T0009,E-C0054,2026-01-29,Oficina,Folder,1,Tienda
E-T0009,E-C0054,2026-01-29,Libros,Libro_programacion,4,Tienda
E-T0010,E-C0025,2026-01-04,Arte,Acuarelas,1,App
E-T0010,E-C0025,2026-01-04,Libros,Diccionario,2,App
E-T0010,E-C0025,2026-01-04,Libros,Libro_matematica,1,App
E-T0010,E-C0025,2026-01-04,Arte,Pinceles,2,App
E-T0011,E-C0053,2026-01-29,Arte,Acuarelas,2,Web
E-T0011,E-C0053,2026-01-29,Oficina,Clips,1,Web
E-T0011,E-C0053,2026-01-29,Papeleria,Lapicero,1,Web
E-T0011,E-C0053,2026-01-29,Arte,Pinceles,3,Web
E-T0012,E-C0008,2026-04-05,Arte,Acuarelas,1,Tienda
E-T0012,E-C0008,2026-04-05,Libros,Libro_matematica,1,Tienda
E-T0012,E-C0008,2026-04-05,Libros,Libro_programacion,1,Tienda
E-T0012,E-C0008,2026-04-05,Libros,Novela,2,Tienda
E-T0012,E-C0008,2026-04-05,Arte,Pinceles,1,Tienda
E-T0012,E-C0008,2026-04-05,Tecnico,Regla,3,Tienda
E-T0013,E-C0051,2026-02-22,Papeleria,Lapiz,3,Telefono
E-T0013,E-C0051,2026-02-22,Libros,Libro_programacion,2,Telefono
E-T0013,E-C0051,2026-02-22,Arte,Marcadores,1,Telefono
E-T0013,E-C0051,2026-02-22,Tecnico,Regla,1,Telefono
E-T0014,E-C0022,2026-02-28,Arte,Cartulina,1,App
E-T0014,E-C0022,2026-02-28,Papeleria,Cuaderno,1,App
E-T0015,E-C0026,2026-01-24,Libros,Libro_programacion,2,Tienda
E-T0015,E-C0026,2026-01-24,Tecnico,Memoria_USB,1,Tienda
E-T0016,E-C0095,2026-02-04,Tecnico,Calculadora,1,Web
E-T0017,E-C0038,2026-04-06,Arte,Cartulina,1,Web
E-T0018,E-C0087,2026-01-23,Libros,Libro_programacion,1,App
E-T0018,E-C0087,2026-01-23,Arte,Pinceles,1,App
E-T0019,E-C0032,2026-03-21,Arte,Acuarelas,1,Tienda
E-T0019,E-C0032,2026-03-21,Libros,Diccionario,1,Tienda
E-T0019,E-C0032,2026-03-21,Papeleria,Lapicero,4,Tienda
E-T0019,E-C0032,2026-03-21,Papeleria,Lapiz,1,Tienda
E-T0019,E-C0032,2026-03-21,Arte,Pinceles,3,Tienda
E-T0020,E-C0040,2026-02-23,Papeleria,Lapicero,2,Web
E-T0020,E-C0040,2026-02-23,Tecnico,Regla,1,Web
E-T0021,E-C0016,2026-04-11,Libros,Novela,1,Tienda
E-T0022,E-C0008,2026-03-18,Oficina,Clips,2,App
E-T0022,E-C0008,2026-03-18,Libros,Libro_programacion,2,App
E-T0023,E-C0084,2026-03-30,Papeleria,Borrador,1,Telefono
E-T0023,E-C0084,2026-03-30,Arte,Marcadores,1,Telefono
E-T0023,E-C0084,2026-03-30,Tecnico,Memoria_USB,2,Telefono
E-T0024,E-C0028,2026-02-23,Tecnico,Compas,1,Web
E-T0024,E-C0028,2026-02-23,Oficina,Engrapadora,1,Web
E-T0025,E-C0051,2026-01-15,Oficina,Clips,2,Tienda
E-T0025,E-C0051,2026-01-15,Libros,Libro_programacion,2,Tienda
E-T0026,E-C0050,2026-04-09,Arte,Acuarelas,2,Tienda
E-T0026,E-C0050,2026-04-09,Oficina,Clips,1,Tienda
E-T0026,E-C0050,2026-04-09,Libros,Diccionario,1,Tienda
E-T0026,E-C0050,2026-04-09,Arte,Pinceles,2,Tienda
E-T0026,E-C0050,2026-04-09,Tecnico,Regla,3,Tienda
E-T0027,E-C0023,2026-03-10,Papeleria,Cuaderno,1,Telefono
E-T0027,E-C0023,2026-03-10,Oficina,Folder,3,Telefono
E-T0027,E-C0023,2026-03-10,Papeleria,Lapicero,1,Telefono
E-T0027,E-C0023,2026-03-10,Oficina,Resaltador,1,Telefono
E-T0028,E-C0077,2026-01-27,Oficina,Engrapadora,1,Web
E-T0028,E-C0077,2026-01-27,Libros,Libro_programacion,1,Web
E-T0029,E-C0032,2026-01-03,Tecnico,Calculadora,1,App
E-T0029,E-C0032,2026-01-03,Papeleria,Lapicero,2,App
E-T0029,E-C0032,2026-01-03,Libros,Libro_programacion,1,App
E-T0029,E-C0032,2026-01-03,Tecnico,Regla,2,App
E-T0030,E-C0019,2026-03-19,Tecnico,Calculadora,2,Tienda
E-T0030,E-C0019,2026-03-19,Arte,Cartulina,1,Tienda
E-T0030,E-C0019,2026-03-19,Oficina,Folder,2,Tienda
E-T0030,E-C0019,2026-03-19,Libros,Novela,1,Tienda
E-T0030,E-C0019,2026-03-19,Tecnico,Regla,2,Tienda
E-T0031,E-C0058,2026-04-29,Arte,Cartulina,1,App
E-T0031,E-C0058,2026-04-29,Papeleria,Cuaderno,1,App
E-T0031,E-C0058,2026-04-29,Papeleria,Lapicero,1,App
E-T0031,E-C0058,2026-04-29,Libros,Libro_programacion,2,App
E-T0031,E-C0058,2026-04-29,Arte,Marcadores,4,App
E-T0031,E-C0058,2026-04-29,Oficina,Resaltador,1,App
E-T0032,E-C0048,2026-02-05,Libros,Libro_matematica,3,Tienda
E-T0032,E-C0048,2026-02-05,Libros,Libro_programacion,1,Tienda
E-T0033,E-C0034,2026-02-28,Tecnico,Calculadora,1,App
E-T0033,E-C0034,2026-02-28,Tecnico,Compas,1,App
E-T0033,E-C0034,2026-02-28,Papeleria,Cuaderno,2,App
E-T0033,E-C0034,2026-02-28,Papeleria,Lapiz,2,App
E-T0033,E-C0034,2026-02-28,Tecnico,Regla,2,App
E-T0034,E-C0093,2026-04-23,Papeleria,Lapicero,1,Web
E-T0034,E-C0093,2026-04-23,Libros,Libro_programacion,1,Web
E-T0034,E-C0093,2026-04-23,Oficina,Resaltador,1,Web
E-T0035,E-C0068,2026-04-07,Tecnico,Calculadora,1,Web
E-T0035,E-C0068,2026-04-07,Papeleria,Cuaderno,1,Web
E-T0035,E-C0068,2026-04-07,Tecnico,Regla,3,Web
E-T0036,E-C0043,2026-02-26,Arte,Cartulina,1,Tienda
E-T0036,E-C0043,2026-02-26,Papeleria,Cuaderno,2,Tienda
E-T0036,E-C0043,2026-02-26,Papeleria,Lapicero,1,Tienda
E-T0036,E-C0043,2026-02-26,Arte,Marcadores,1,Tienda
E-T0036,E-C0043,2026-02-26,Oficina,Resaltador,1,Tienda
E-T0037,E-C0067,2026-04-20,Tecnico,Compas,2,Tienda
E-T0037,E-C0067,2026-04-20,Libros,Libro_programacion,1,Tienda
E-T0037,E-C0067,2026-04-20,Tecnico,Memoria_USB,1,Tienda
E-T0038,E-C0030,2026-02-19,Tecnico,Calculadora,1,App
E-T0038,E-C0030,2026-02-19,Papeleria,Cuaderno,2,App
E-T0038,E-C0030,2026-02-19,Oficina,Engrapadora,1,App
E-T0038,E-C0030,2026-02-19,Papeleria,Lapicero,1,App
E-T0038,E-C0030,2026-02-19,Tecnico,Regla,1,App
E-T0039,E-C0024,2026-03-14,Arte,Acuarelas,1,Web
E-T0039,E-C0024,2026-03-14,Libros,Libro_programacion,2,Web
E-T0039,E-C0024,2026-03-14,Arte,Pinceles,2,Web
E-T0040,E-C0049,2026-04-23,Oficina,Engrapadora,1,Tienda
E-T0040,E-C0049,2026-04-23,Libros,Libro_programacion,4,Tienda
E-T0040,E-C0049,2026-04-23,Arte,Pinceles,1,Tienda
E-T0041,E-C0041,2026-03-14,Arte,Acuarelas,3,Tienda
E-T0041,E-C0041,2026-03-14,Tecnico,Calculadora,3,Tienda
E-T0041,E-C0041,2026-03-14,Oficina,Resaltador,2,Tienda
E-T0042,E-C0064,2026-02-07,Arte,Acuarelas,1,App
E-T0042,E-C0064,2026-02-07,Oficina,Clips,2,App
E-T0042,E-C0064,2026-02-07,Papeleria,Lapicero,1,App
E-T0042,E-C0064,2026-02-07,Arte,Pinceles,2,App
E-T0042,E-C0064,2026-02-07,Tecnico,Regla,1,App
E-T0043,E-C0017,2026-02-03,Papeleria,Lapicero,1,Telefono
E-T0043,E-C0017,2026-02-03,Arte,Pinceles,1,Telefono
E-T0044,E-C0054,2026-02-27,Arte,Acuarelas,2,Tienda
E-T0044,E-C0054,2026-02-27,Tecnico,Compas,1,Tienda
E-T0044,E-C0054,2026-02-27,Papeleria,Cuaderno,1,Tienda
E-T0044,E-C0054,2026-02-27,Oficina,Engrapadora,1,Tienda
E-T0044,E-C0054,2026-02-27,Arte,Pinceles,3,Tienda
E-T0044,E-C0054,2026-02-27,Tecnico,Regla,1,Tienda
E-T0045,E-C0031,2026-02-05,Arte,Cartulina,3,Web
E-T0045,E-C0031,2026-02-05,Oficina,Clips,1,Web
E-T0045,E-C0031,2026-02-05,Oficina,Engrapadora,1,Web
E-T0045,E-C0031,2026-02-05,Libros,Novela,1,Web
E-T0046,E-C0032,2026-02-04,Arte,Acuarelas,1,Tienda
E-T0046,E-C0032,2026-02-04,Oficina,Folder,1,Tienda
E-T0046,E-C0032,2026-02-04,Papeleria,Lapiz,1,Tienda
E-T0046,E-C0032,2026-02-04,Arte,Pinceles,2,Tienda
E-T0046,E-C0032,2026-02-04,Tecnico,Regla,1,Tienda
E-T0047,E-C0071,2026-03-08,Tecnico,Regla,1,App
E-T0048,E-C0095,2026-04-22,Libros,Diccionario,1,App
E-T0048,E-C0095,2026-04-22,Tecnico,Regla,2,App
E-T0049,E-C0060,2026-03-29,Papeleria,Borrador,1,Tienda
E-T0049,E-C0060,2026-03-29,Arte,Marcadores,4,Tienda
E-T0049,E-C0060,2026-03-29,Libros,Novela,1,Tienda
E-T0049,E-C0060,2026-03-29,Arte,Pinceles,1,Tienda
E-T0050,E-C0091,2026-01-09,Papeleria,Cuaderno,1,Tienda
E-T0050,E-C0091,2026-01-09,Oficina,Engrapadora,1,Tienda
E-T0050,E-C0091,2026-01-09,Papeleria,Lapicero,1,Tienda
E-T0050,E-C0091,2026-01-09,Oficina,Resaltador,2,Tienda
E-T0051,E-C0083,2026-02-27,Arte,Acuarelas,1,App
E-T0051,E-C0083,2026-02-27,Tecnico,Memoria_USB,1,App
E-T0052,E-C0067,2026-01-13,Arte,Cartulina,1,App
E-T0052,E-C0067,2026-01-13,Tecnico,Memoria_USB,1,App
E-T0052,E-C0067,2026-01-13,Libros,Novela,2,App
E-T0052,E-C0067,2026-01-13,Tecnico,Regla,1,App
E-T0053,E-C0081,2026-04-21,Libros,Novela,1,Web
E-T0054,E-C0072,2026-01-23,Arte,Cartulina,4,App
E-T0054,E-C0072,2026-01-23,Tecnico,Compas,1,App
E-T0054,E-C0072,2026-01-23,Oficina,Engrapadora,1,App
E-T0055,E-C0077,2026-04-24,Papeleria,Cuaderno,1,Tienda
E-T0055,E-C0077,2026-04-24,Papeleria,Lapicero,1,Tienda
E-T0055,E-C0077,2026-04-24,Libros,Libro_programacion,2,Tienda
E-T0055,E-C0077,2026-04-24,Tecnico,Memoria_USB,1,Tienda
E-T0055,E-C0077,2026-04-24,Oficina,Resaltador,1,Tienda
E-T0056,E-C0080,2026-01-06,Arte,Acuarelas,1,Tienda
E-T0056,E-C0080,2026-01-06,Papeleria,Lapiz,1,Tienda
E-T0056,E-C0080,2026-01-06,Arte,Pinceles,1,Tienda
E-T0057,E-C0073,2026-02-07,Arte,Acuarelas,2,Tienda
E-T0057,E-C0073,2026-02-07,Tecnico,Calculadora,2,Tienda
E-T0057,E-C0073,2026-02-07,Arte,Pinceles,2,Tienda
E-T0058,E-C0093,2026-01-09,Arte,Acuarelas,1,Tienda
E-T0058,E-C0093,2026-01-09,Papeleria,Cuaderno,1,Tienda
E-T0058,E-C0093,2026-01-09,Libros,Libro_programacion,1,Tienda
E-T0058,E-C0093,2026-01-09,Tecnico,Memoria_USB,1,Tienda
E-T0059,E-C0044,2026-01-21,Oficina,Clips,1,Telefono
E-T0059,E-C0044,2026-01-21,Papeleria,Lapiz,1,Telefono
E-T0059,E-C0044,2026-01-21,Libros,Libro_programacion,1,Telefono
E-T0059,E-C0044,2026-01-21,Tecnico,Memoria_USB,1,Telefono
E-T0060,E-C0068,2026-02-02,Arte,Acuarelas,1,App
E-T0060,E-C0068,2026-02-02,Papeleria,Borrador,1,App
E-T0060,E-C0068,2026-02-02,Libros,Libro_matematica,1,App
E-T0061,E-C0081,2026-02-15,Tecnico,Compas,1,Web
E-T0061,E-C0081,2026-02-15,Papeleria,Cuaderno,1,Web
E-T0061,E-C0081,2026-02-15,Libros,Libro_programacion,2,Web
E-T0061,E-C0081,2026-02-15,Arte,Marcadores,1,Web
E-T0062,E-C0016,2026-02-15,Arte,Acuarelas,1,Tienda
E-T0062,E-C0016,2026-02-15,Papeleria,Borrador,1,Tienda
E-T0062,E-C0016,2026-02-15,Arte,Cartulina,1,Tienda
E-T0062,E-C0016,2026-02-15,Oficina,Clips,1,Tienda
E-T0062,E-C0016,2026-02-15,Arte,Pinceles,1,Tienda
E-T0063,E-C0033,2026-01-16,Oficina,Folder,1,App
E-T0063,E-C0033,2026-01-16,Libros,Libro_matematica,4,App
E-T0063,E-C0033,2026-01-16,Libros,Libro_programacion,3,App
E-T0063,E-C0033,2026-01-16,Arte,Marcadores,2,App
E-T0063,E-C0033,2026-01-16,Tecnico,Memoria_USB,1,App
E-T0064,E-C0044,2026-01-13,Oficina,Clips,1,Web
E-T0064,E-C0044,2026-01-13,Papeleria,Lapicero,1,Web
E-T0065,E-C0076,2026-03-01,Oficina,Folder,1,Tienda
E-T0065,E-C0076,2026-03-01,Papeleria,Lapicero,1,Tienda
E-T0066,E-C0004,2026-02-14,Papeleria,Lapicero,2,App
E-T0066,E-C0004,2026-02-14,Libros,Libro_programacion,1,App
E-T0067,E-C0032,2026-03-20,Arte,Acuarelas,2,Tienda
E-T0067,E-C0032,2026-03-20,Papeleria,Lapicero,1,Tienda
E-T0067,E-C0032,2026-03-20,Papeleria,Lapiz,2,Tienda
E-T0067,E-C0032,2026-03-20,Tecnico,Memoria_USB,1,Tienda
E-T0067,E-C0032,2026-03-20,Arte,Pinceles,2,Tienda
E-T0067,E-C0032,2026-03-20,Oficina,Resaltador,2,Tienda
E-T0068,E-C0041,2026-03-25,Papeleria,Cuaderno,1,Tienda
E-T0068,E-C0041,2026-03-25,Libros,Libro_matematica,3,Tienda
E-T0068,E-C0041,2026-03-25,Oficina,Resaltador,1,Tienda
E-T0069,E-C0020,2026-01-13,Papeleria,Lapicero,2,Telefono
E-T0069,E-C0020,2026-01-13,Oficina,Resaltador,1,Telefono
E-T0070,E-C0051,2026-01-20,Oficina,Clips,2,Tienda
E-T0070,E-C0051,2026-01-20,Papeleria,Lapicero,1,Tienda
E-T0071,E-C0072,2026-03-03,Libros,Libro_programacion,2,Tienda
E-T0071,E-C0072,2026-03-03,Arte,Marcadores,2,Tienda
E-T0071,E-C0072,2026-03-03,Tecnico,Memoria_USB,1,Tienda
E-T0072,E-C0051,2026-02-07,Papeleria,Borrador,1,Web
E-T0072,E-C0051,2026-02-07,Tecnico,Calculadora,1,Web
E-T0072,E-C0051,2026-02-07,Oficina,Clips,2,Web
E-T0072,E-C0051,2026-02-07,Tecnico,Memoria_USB,1,Web
E-T0072,E-C0051,2026-02-07,Tecnico,Regla,1,Web
E-T0073,E-C0085,2026-03-08,Papeleria,Lapicero,1,Tienda
E-T0073,E-C0085,2026-03-08,Tecnico,Memoria_USB,1,Tienda
E-T0074,E-C0083,2026-01-12,Libros,Diccionario,1,Web
E-T0074,E-C0083,2026-01-12,Oficina,Engrapadora,1,Web
E-T0074,E-C0083,2026-01-12,Libros,Novela,1,Web
E-T0075,E-C0044,2026-03-14,Papeleria,Borrador,1,App
E-T0075,E-C0044,2026-03-14,Papeleria,Cuaderno,4,App
E-T0075,E-C0044,2026-03-14,Oficina,Folder,1,App
E-T0075,E-C0044,2026-03-14,Papeleria,Lapicero,1,App
E-T0075,E-C0044,2026-03-14,Papeleria,Lapiz,1,App
E-T0075,E-C0044,2026-03-14,Oficina,Resaltador,2,App
E-T0076,E-C0079,2026-03-11,Arte,Acuarelas,1,Tienda
E-T0076,E-C0079,2026-03-11,Arte,Cartulina,1,Tienda
E-T0076,E-C0079,2026-03-11,Oficina,Clips,1,Tienda
E-T0076,E-C0079,2026-03-11,Arte,Pinceles,2,Tienda
E-T0077,E-C0094,2026-04-14,Papeleria,Borrador,1,App
E-T0077,E-C0094,2026-04-14,Libros,Libro_matematica,1,App
E-T0078,E-C0085,2026-02-25,Papeleria,Lapicero,1,Tienda
E-T0078,E-C0085,2026-02-25,Libros,Libro_matematica,1,Tienda
E-T0079,E-C0034,2026-02-06,Arte,Cartulina,1,Web
E-T0079,E-C0034,2026-02-06,Arte,Pinceles,1,Web
E-T0080,E-C0039,2026-04-01,Arte,Cartulina,3,App
E-T0080,E-C0039,2026-04-01,Libros,Novela,1,App
E-T0081,E-C0016,2026-04-26,Tecnico,Calculadora,1,Tienda
E-T0081,E-C0016,2026-04-26,Libros,Libro_programacion,1,Tienda
E-T0082,E-C0022,2026-04-16,Arte,Acuarelas,1,Tienda
E-T0082,E-C0022,2026-04-16,Arte,Cartulina,1,Tienda
E-T0082,E-C0022,2026-04-16,Oficina,Clips,1,Tienda
E-T0082,E-C0022,2026-04-16,Libros,Libro_programacion,1,Tienda
E-T0082,E-C0022,2026-04-16,Tecnico,Memoria_USB,1,Tienda
E-T0083,E-C0051,2026-03-11,Papeleria,Borrador,1,Tienda
E-T0083,E-C0051,2026-03-11,Tecnico,Calculadora,1,Tienda
E-T0083,E-C0051,2026-03-11,Arte,Pinceles,1,Tienda
E-T0084,E-C0026,2026-04-22,Tecnico,Regla,1,Tienda
E-T0085,E-C0081,2026-01-15,Oficina,Engrapadora,1,Tienda
E-T0085,E-C0081,2026-01-15,Arte,Marcadores,2,Tienda
E-T0085,E-C0081,2026-01-15,Arte,Pinceles,2,Tienda
E-T0086,E-C0092,2026-01-11,Tecnico,Calculadora,1,Web
E-T0086,E-C0092,2026-01-11,Oficina,Clips,2,Web
E-T0086,E-C0092,2026-01-11,Tecnico,Regla,1,Web
E-T0087,E-C0032,2026-03-26,Papeleria,Borrador,1,Web
E-T0087,E-C0032,2026-03-26,Libros,Libro_matematica,2,Web
E-T0087,E-C0032,2026-03-26,Libros,Libro_programacion,1,Web
E-T0087,E-C0032,2026-03-26,Tecnico,Memoria_USB,2,Web
E-T0088,E-C0046,2026-01-31,Arte,Acuarelas,2,Tienda
E-T0088,E-C0046,2026-01-31,Papeleria,Lapiz,1,Tienda
E-T0088,E-C0046,2026-01-31,Arte,Pinceles,1,Tienda
E-T0088,E-C0046,2026-01-31,Tecnico,Regla,2,Tienda
E-T0089,E-C0014,2026-04-09,Tecnico,Calculadora,1,Tienda
E-T0089,E-C0014,2026-04-09,Libros,Libro_programacion,2,Tienda
E-T0089,E-C0014,2026-04-09,Tecnico,Memoria_USB,1,Tienda
E-T0090,E-C0078,2026-02-23,Libros,Diccionario,4,Tienda
E-T0091,E-C0004,2026-02-21,Arte,Acuarelas,1,App
E-T0091,E-C0004,2026-02-21,Arte,Pinceles,2,App
E-T0092,E-C0032,2026-03-02,Tecnico,Calculadora,1,Tienda
E-T0092,E-C0032,2026-03-02,Arte,Cartulina,1,Tienda
E-T0092,E-C0032,2026-03-02,Libros,Diccionario,2,Tienda
E-T0092,E-C0032,2026-03-02,Oficina,Folder,3,Tienda
E-T0092,E-C0032,2026-03-02,Tecnico,Regla,3,Tienda
E-T0093,E-C0035,2026-05-01,Papeleria,Cuaderno,1,Tienda
E-T0094,E-C0050,2026-02-01,Oficina,Folder,1,Tienda
E-T0094,E-C0050,2026-02-01,Papeleria,Lapiz,2,Tienda
E-T0095,E-C0014,2026-01-12,Arte,Acuarelas,1,Tienda
E-T0095,E-C0014,2026-01-12,Tecnico,Compas,1,Tienda
E-T0095,E-C0014,2026-01-12,Libros,Libro_matematica,2,Tienda
E-T0095,E-C0014,2026-01-12,Libros,Libro_programacion,1,Tienda
E-T0095,E-C0014,2026-01-12,Tecnico,Memoria_USB,2,Tienda
E-T0095,E-C0014,2026-01-12,Arte,Pinceles,1,Tienda
E-T0096,E-C0033,2026-04-02,Papeleria,Cuaderno,1,Tienda
E-T0096,E-C0033,2026-04-02,Libros,Libro_matematica,1,Tienda
E-T0097,E-C0074,2026-04-05,Libros,Novela,1,Tienda
E-T0098,E-C0016,2026-03-09,Arte,Acuarelas,2,Tienda
E-T0098,E-C0016,2026-03-09,Tecnico,Memoria_USB,1,Tienda
E-T0098,E-C0016,2026-03-09,Arte,Pinceles,3,Tienda
E-T0099,E-C0052,2026-01-03,Papeleria,Borrador,1,Tienda
E-T0099,E-C0052,2026-01-03,Oficina,Clips,2,Tienda
E-T0099,E-C0052,2026-01-03,Papeleria,Cuaderno,1,Tienda
E-T0099,E-C0052,2026-01-03,Papeleria,Lapicero,1,Tienda
E-T0099,E-C0052,2026-01-03,Libros,Libro_programacion,1,Tienda
E-T0100,E-C0030,2026-01-22,Arte,Acuarelas,1,Tienda
E-T0100,E-C0030,2026-01-22,Papeleria,Cuaderno,1,Tienda
E-T0100,E-C0030,2026-01-22,Tecnico,Memoria_USB,1,Tienda
E-T0101,E-C0088,2026-04-07,Arte,Acuarelas,3,Tienda
E-T0101,E-C0088,2026-04-07,Arte,Pinceles,2,Tienda
E-T0102,E-C0054,2026-03-17,Papeleria,Borrador,1,App
E-T0102,E-C0054,2026-03-17,Tecnico,Calculadora,1,App
E-T0102,E-C0054,2026-03-17,Libros,Novela,1,App
E-T0102,E-C0054,2026-03-17,Tecnico,Regla,2,App
E-T0103,E-C0013,2026-01-01,Papeleria,Cuaderno,2,App
E-T0103,E-C0013,2026-01-01,Papeleria,Lapicero,2,App
E-T0103,E-C0013,2026-01-01,Papeleria,Lapiz,2,App
E-T0103,E-C0013,2026-01-01,Arte,Pinceles,2,App
E-T0103,E-C0013,2026-01-01,Oficina,Resaltador,2,App
E-T0104,E-C0068,2026-01-19,Tecnico,Calculadora,1,Web
E-T0104,E-C0068,2026-01-19,Tecnico,Memoria_USB,2,Web
E-T0104,E-C0068,2026-01-19,Tecnico,Regla,1,Web
E-T0105,E-C0086,2026-02-04,Tecnico,Calculadora,2,Tienda
E-T0105,E-C0086,2026-02-04,Oficina,Clips,1,Tienda
E-T0105,E-C0086,2026-02-04,Libros,Libro_programacion,1,Tienda
E-T0105,E-C0086,2026-02-04,Tecnico,Memoria_USB,1,Tienda
E-T0106,E-C0067,2026-04-04,Tecnico,Calculadora,1,Tienda
E-T0106,E-C0067,2026-04-04,Arte,Cartulina,1,Tienda
E-T0106,E-C0067,2026-04-04,Tecnico,Compas,1,Tienda
E-T0106,E-C0067,2026-04-04,Tecnico,Memoria_USB,1,Tienda
E-T0107,E-C0049,2026-01-11,Papeleria,Cuaderno,3,Web
E-T0107,E-C0049,2026-01-11,Tecnico,Regla,1,Web
E-T0108,E-C0088,2026-01-18,Papeleria,Lapiz,4,Tienda
E-T0108,E-C0088,2026-01-18,Tecnico,Memoria_USB,2,Tienda
E-T0109,E-C0085,2026-04-07,Papeleria,Borrador,2,Tienda
E-T0109,E-C0085,2026-04-07,Oficina,Engrapadora,1,Tienda
E-T0109,E-C0085,2026-04-07,Libros,Libro_matematica,1,Tienda
E-T0110,E-C0050,2026-02-20,Tecnico,Calculadora,2,Telefono
E-T0110,E-C0050,2026-02-20,Oficina,Engrapadora,3,Telefono
E-T0111,E-C0089,2026-01-03,Arte,Acuarelas,2,Tienda
E-T0111,E-C0089,2026-01-03,Arte,Cartulina,1,Tienda
E-T0111,E-C0089,2026-01-03,Arte,Marcadores,1,Tienda
E-T0111,E-C0089,2026-01-03,Tecnico,Regla,2,Tienda
E-T0112,E-C0077,2026-03-12,Papeleria,Lapicero,1,Web
E-T0112,E-C0077,2026-03-12,Tecnico,Memoria_USB,1,Web
E-T0112,E-C0077,2026-03-12,Tecnico,Regla,1,Web
E-T0112,E-C0077,2026-03-12,Oficina,Resaltador,1,Web
E-T0113,E-C0092,2026-04-10,Arte,Acuarelas,2,Web
E-T0113,E-C0092,2026-04-10,Oficina,Clips,2,Web
E-T0114,E-C0017,2026-01-26,Papeleria,Cuaderno,3,Web
E-T0114,E-C0017,2026-01-26,Papeleria,Lapicero,1,Web
E-T0114,E-C0017,2026-01-26,Libros,Libro_matematica,1,Web
E-T0114,E-C0017,2026-01-26,Tecnico,Regla,1,Web
E-T0114,E-C0017,2026-01-26,Oficina,Resaltador,1,Web
E-T0115,E-C0008,2026-05-01,Arte,Acuarelas,1,Tienda
E-T0115,E-C0008,2026-05-01,Papeleria,Borrador,4,Tienda
E-T0115,E-C0008,2026-05-01,Papeleria,Cuaderno,3,Tienda
E-T0115,E-C0008,2026-05-01,Libros,Libro_matematica,1,Tienda
E-T0115,E-C0008,2026-05-01,Arte,Pinceles,3,Tienda
E-T0115,E-C0008,2026-05-01,Oficina,Resaltador,1,Tienda
E-T0116,E-C0043,2026-04-30,Papeleria,Cuaderno,1,App
E-T0116,E-C0043,2026-04-30,Oficina,Folder,1,App
E-T0117,E-C0069,2026-02-04,Papeleria,Cuaderno,2,Telefono
E-T0117,E-C0069,2026-02-04,Papeleria,Lapicero,3,Telefono
E-T0117,E-C0069,2026-02-04,Libros,Libro_matematica,1,Telefono
E-T0117,E-C0069,2026-02-04,Libros,Novela,1,Telefono
E-T0117,E-C0069,2026-02-04,Oficina,Resaltador,2,Telefono
E-T0118,E-C0019,2026-02-22,Libros,Diccionario,1,Tienda
E-T0118,E-C0019,2026-02-22,Libros,Libro_programacion,2,Tienda
E-T0118,E-C0019,2026-02-22,Tecnico,Memoria_USB,1,Tienda
E-T0118,E-C0019,2026-02-22,Libros,Novela,2,Tienda
E-T0118,E-C0019,2026-02-22,Tecnico,Regla,1,Tienda
E-T0119,E-C0004,2026-01-07,Libros,Diccionario,1,Tienda
E-T0119,E-C0004,2026-01-07,Oficina,Engrapadora,1,Tienda
E-T0119,E-C0004,2026-01-07,Tecnico,Memoria_USB,1,Tienda
E-T0119,E-C0004,2026-01-07,Libros,Novela,1,Tienda
E-T0120,E-C0005,2026-04-13,Tecnico,Compas,1,App
E-T0120,E-C0005,2026-04-13,Papeleria,Lapicero,1,App
E-T0120,E-C0005,2026-04-13,Libros,Libro_programacion,1,App
E-T0120,E-C0005,2026-04-13,Tecnico,Memoria_USB,1,App
E-T0121,E-C0019,2026-04-18,Papeleria,Borrador,1,Web
E-T0121,E-C0019,2026-04-18,Papeleria,Cuaderno,1,Web
E-T0121,E-C0019,2026-04-18,Tecnico,Regla,1,Web
E-T0122,E-C0060,2026-03-24,Oficina,Engrapadora,1,Web
E-T0122,E-C0060,2026-03-24,Libros,Novela,1,Web
E-T0123,E-C0051,2026-03-16,Arte,Acuarelas,1,Tienda
E-T0123,E-C0051,2026-03-16,Tecnico,Calculadora,1,Tienda
E-T0123,E-C0051,2026-03-16,Tecnico,Memoria_USB,2,Tienda
E-T0123,E-C0051,2026-03-16,Libros,Novela,1,Tienda
E-T0123,E-C0051,2026-03-16,Arte,Pinceles,2,Tienda
E-T0124,E-C0028,2026-02-16,Tecnico,Calculadora,1,Tienda
E-T0124,E-C0028,2026-02-16,Libros,Libro_matematica,3,Tienda
E-T0125,E-C0067,2026-02-04,Papeleria,Lapicero,3,App
E-T0125,E-C0067,2026-02-04,Tecnico,Regla,1,App
E-T0126,E-C0006,2026-04-18,Oficina,Clips,1,Tienda
E-T0126,E-C0006,2026-04-18,Oficina,Engrapadora,1,Tienda
E-T0126,E-C0006,2026-04-18,Libros,Libro_programacion,1,Tienda
E-T0127,E-C0038,2026-02-18,Arte,Acuarelas,2,Tienda
E-T0127,E-C0038,2026-02-18,Arte,Pinceles,1,Tienda
E-T0127,E-C0038,2026-02-18,Tecnico,Regla,1,Tienda
E-T0127,E-C0038,2026-02-18,Oficina,Resaltador,1,Tienda
E-T0128,E-C0023,2026-04-10,Oficina,Clips,1,Tienda
E-T0129,E-C0042,2026-03-12,Papeleria,Lapicero,1,App
E-T0130,E-C0017,2026-02-16,Tecnico,Calculadora,1,Tienda
E-T0130,E-C0017,2026-02-16,Libros,Libro_matematica,1,Tienda
E-T0130,E-C0017,2026-02-16,Arte,Marcadores,1,Tienda
E-T0131,E-C0010,2026-03-15,Tecnico,Calculadora,1,Tienda
E-T0131,E-C0010,2026-03-15,Libros,Novela,2,Tienda
E-T0131,E-C0010,2026-03-15,Tecnico,Regla,3,Tienda
E-T0132,E-C0028,2026-04-04,Oficina,Clips,1,Tienda
E-T0132,E-C0028,2026-04-04,Papeleria,Lapiz,1,Tienda
E-T0132,E-C0028,2026-04-04,Libros,Libro_programacion,2,Tienda
E-T0132,E-C0028,2026-04-04,Tecnico,Memoria_USB,1,Tienda
E-T0133,E-C0073,2026-01-03,Tecnico,Calculadora,1,Web
E-T0133,E-C0073,2026-01-03,Oficina,Clips,1,Web
E-T0133,E-C0073,2026-01-03,Tecnico,Compas,2,Web
E-T0133,E-C0073,2026-01-03,Oficina,Folder,4,Web
E-T0134,E-C0070,2026-04-29,Papeleria,Cuaderno,2,App
E-T0134,E-C0070,2026-04-29,Libros,Libro_matematica,1,App
E-T0135,E-C0033,2026-01-13,Tecnico,Compas,1,Web
E-T0135,E-C0033,2026-01-13,Papeleria,Cuaderno,1,Web
E-T0135,E-C0033,2026-01-13,Libros,Diccionario,1,Web
E-T0135,E-C0033,2026-01-13,Papeleria,Lapicero,1,Web
E-T0135,E-C0033,2026-01-13,Oficina,Resaltador,1,Web
E-T0136,E-C0072,2026-02-15,Tecnico,Calculadora,1,Tienda
E-T0136,E-C0072,2026-02-15,Oficina,Engrapadora,2,Tienda
E-T0136,E-C0072,2026-02-15,Libros,Novela,1,Tienda
E-T0136,E-C0072,2026-02-15,Arte,Pinceles,1,Tienda
E-T0136,E-C0072,2026-02-15,Tecnico,Regla,1,Tienda
E-T0137,E-C0021,2026-03-30,Oficina,Folder,2,Tienda
E-T0137,E-C0021,2026-03-30,Arte,Pinceles,1,Tienda
E-T0138,E-C0083,2026-01-31,Tecnico,Compas,1,Tienda
E-T0138,E-C0083,2026-01-31,Libros,Libro_matematica,1,Tienda
E-T0138,E-C0083,2026-01-31,Tecnico,Memoria_USB,2,Tienda
E-T0139,E-C0080,2026-04-12,Arte,Acuarelas,1,App
E-T0139,E-C0080,2026-04-12,Tecnico,Calculadora,2,App
E-T0139,E-C0080,2026-04-12,Oficina,Engrapadora,1,App
E-T0139,E-C0080,2026-04-12,Tecnico,Regla,1,App
E-T0140,E-C0025,2026-01-18,Tecnico,Calculadora,1,App
E-T0140,E-C0025,2026-01-18,Tecnico,Compas,1,App
E-T0140,E-C0025,2026-01-18,Oficina,Engrapadora,1,App
E-T0140,E-C0025,2026-01-18,Papeleria,Lapiz,2,App
E-T0140,E-C0025,2026-01-18,Tecnico,Regla,3,App
E-T0141,E-C0073,2026-02-06,Papeleria,Cuaderno,3,Web
E-T0141,E-C0073,2026-02-06,Papeleria,Lapicero,1,Web
E-T0141,E-C0073,2026-02-06,Libros,Novela,1,Web
E-T0141,E-C0073,2026-02-06,Oficina,Resaltador,1,Web
E-T0142,E-C0032,2026-04-02,Arte,Cartulina,1,App
E-T0142,E-C0032,2026-04-02,Oficina,Clips,1,App
E-T0142,E-C0032,2026-04-02,Papeleria,Cuaderno,1,App
E-T0142,E-C0032,2026-04-02,Arte,Marcadores,2,App
E-T0142,E-C0032,2026-04-02,Arte,Pinceles,1,App
E-T0142,E-C0032,2026-04-02,Oficina,Resaltador,2,App
E-T0143,E-C0016,2026-04-14,Papeleria,Borrador,1,Web
E-T0144,E-C0066,2026-02-08,Papeleria,Borrador,1,Tienda
E-T0144,E-C0066,2026-02-08,Oficina,Engrapadora,2,Tienda
E-T0144,E-C0066,2026-02-08,Tecnico,Memoria_USB,1,Tienda
E-T0144,E-C0066,2026-02-08,Arte,Pinceles,1,Tienda
E-T0145,E-C0071,2026-04-26,Papeleria,Cuaderno,1,Web
E-T0145,E-C0071,2026-04-26,Libros,Libro_programacion,2,Web
E-T0145,E-C0071,2026-04-26,Tecnico,Memoria_USB,1,Web
E-T0146,E-C0079,2026-01-04,Tecnico,Calculadora,1,App
E-T0146,E-C0079,2026-01-04,Papeleria,Cuaderno,1,App
E-T0146,E-C0079,2026-01-04,Libros,Libro_programacion,1,App
E-T0146,E-C0079,2026-01-04,Tecnico,Regla,1,App
E-T0147,E-C0059,2026-03-18,Libros,Diccionario,1,Web
E-T0147,E-C0059,2026-03-18,Oficina,Resaltador,1,Web
E-T0148,E-C0076,2026-03-09,Papeleria,Borrador,1,App
E-T0148,E-C0076,2026-03-09,Papeleria,Cuaderno,1,App
E-T0148,E-C0076,2026-03-09,Papeleria,Lapicero,1,App
E-T0148,E-C0076,2026-03-09,Oficina,Resaltador,1,App
E-T0149,E-C0044,2026-01-22,Papeleria,Borrador,1,Telefono
E-T0149,E-C0044,2026-01-22,Libros,Libro_matematica,1,Telefono
E-T0149,E-C0044,2026-01-22,Libros,Libro_programacion,1,Telefono
E-T0149,E-C0044,2026-01-22,Tecnico,Memoria_USB,1,Telefono
E-T0150,E-C0048,2026-04-27,Oficina,Clips,1,Tienda
E-T0150,E-C0048,2026-04-27,Oficina,Folder,1,Tienda
E-T0150,E-C0048,2026-04-27,Libros,Libro_matematica,1,Tienda
E-T0151,E-C0045,2026-02-06,Tecnico,Compas,2,Web
E-T0151,E-C0045,2026-02-06,Oficina,Folder,2,Web
E-T0151,E-C0045,2026-02-06,Papeleria,Lapicero,1,Web
E-T0151,E-C0045,2026-02-06,Libros,Libro_programacion,2,Web
E-T0151,E-C0045,2026-02-06,Tecnico,Memoria_USB,1,Web
E-T0151,E-C0045,2026-02-06,Tecnico,Regla,3,Web
E-T0152,E-C0017,2026-01-09,Arte,Cartulina,1,Tienda
E-T0152,E-C0017,2026-01-09,Libros,Diccionario,2,Tienda
E-T0152,E-C0017,2026-01-09,Oficina,Engrapadora,1,Tienda
E-T0152,E-C0017,2026-01-09,Libros,Libro_programacion,1,Tienda
E-T0153,E-C0013,2026-04-03,Tecnico,Calculadora,3,App
E-T0153,E-C0013,2026-04-03,Libros,Novela,1,App
E-T0153,E-C0013,2026-04-03,Tecnico,Regla,3,App
E-T0154,E-C0093,2026-01-03,Arte,Acuarelas,1,App
E-T0155,E-C0083,2026-01-23,Tecnico,Memoria_USB,3,Tienda
E-T0155,E-C0083,2026-01-23,Tecnico,Regla,1,Tienda
E-T0156,E-C0048,2026-02-28,Tecnico,Compas,1,Web
E-T0156,E-C0048,2026-02-28,Papeleria,Cuaderno,1,Web
E-T0156,E-C0048,2026-02-28,Papeleria,Lapicero,1,Web
E-T0156,E-C0048,2026-02-28,Oficina,Resaltador,1,Web
E-T0157,E-C0095,2026-01-05,Tecnico,Calculadora,3,App
E-T0157,E-C0095,2026-01-05,Arte,Marcadores,1,App
E-T0157,E-C0095,2026-01-05,Tecnico,Regla,1,App
E-T0158,E-C0007,2026-04-06,Papeleria,Lapiz,1,Telefono
E-T0158,E-C0007,2026-04-06,Libros,Novela,1,Telefono
E-T0159,E-C0048,2026-02-25,Tecnico,Calculadora,1,App
E-T0159,E-C0048,2026-02-25,Libros,Libro_matematica,1,App
E-T0160,E-C0024,2026-03-15,Papeleria,Borrador,1,Tienda
E-T0160,E-C0024,2026-03-15,Papeleria,Cuaderno,1,Tienda
E-T0160,E-C0024,2026-03-15,Papeleria,Lapicero,1,Tienda
E-T0160,E-C0024,2026-03-15,Papeleria,Lapiz,1,Tienda
E-T0160,E-C0024,2026-03-15,Libros,Novela,1,Tienda
E-T0160,E-C0024,2026-03-15,Oficina,Resaltador,1,Tienda
E-T0161,E-C0017,2026-04-05,Papeleria,Borrador,1,Web
E-T0161,E-C0017,2026-04-05,Oficina,Clips,2,Web
E-T0161,E-C0017,2026-04-05,Papeleria,Cuaderno,1,Web
E-T0161,E-C0017,2026-04-05,Papeleria,Lapicero,2,Web
E-T0161,E-C0017,2026-04-05,Oficina,Resaltador,2,Web
E-T0162,E-C0022,2026-03-05,Arte,Acuarelas,1,Web
E-T0162,E-C0022,2026-03-05,Arte,Cartulina,1,Web
E-T0162,E-C0022,2026-03-05,Oficina,Clips,2,Web
E-T0162,E-C0022,2026-03-05,Libros,Novela,1,Web
E-T0162,E-C0022,2026-03-05,Arte,Pinceles,1,Web
E-T0163,E-C0092,2026-01-04,Arte,Acuarelas,1,Tienda
E-T0163,E-C0092,2026-01-04,Arte,Cartulina,1,Tienda
E-T0163,E-C0092,2026-01-04,Tecnico,Memoria_USB,1,Tienda
E-T0164,E-C0043,2026-03-12,Tecnico,Calculadora,1,App
E-T0165,E-C0042,2026-04-20,Tecnico,Calculadora,1,Tienda
E-T0165,E-C0042,2026-04-20,Papeleria,Cuaderno,1,Tienda
E-T0165,E-C0042,2026-04-20,Tecnico,Memoria_USB,1,Tienda
E-T0165,E-C0042,2026-04-20,Tecnico,Regla,1,Tienda
E-T0165,E-C0042,2026-04-20,Oficina,Resaltador,1,Tienda
E-T0166,E-C0001,2026-01-01,Libros,Libro_matematica,2,Tienda
E-T0167,E-C0022,2026-02-11,Papeleria,Lapicero,1,App
E-T0167,E-C0022,2026-02-11,Libros,Libro_matematica,1,App
E-T0168,E-C0056,2026-03-27,Papeleria,Borrador,1,Tienda
E-T0168,E-C0056,2026-03-27,Libros,Libro_programacion,2,Tienda
E-T0168,E-C0056,2026-03-27,Arte,Marcadores,1,Tienda
E-T0168,E-C0056,2026-03-27,Tecnico,Memoria_USB,1,Tienda
E-T0169,E-C0004,2026-01-26,Tecnico,Calculadora,1,Telefono
E-T0169,E-C0004,2026-01-26,Papeleria,Cuaderno,3,Telefono
E-T0169,E-C0004,2026-01-26,Libros,Novela,1,Telefono
E-T0169,E-C0004,2026-01-26,Arte,Pinceles,1,Telefono
E-T0170,E-C0017,2026-01-02,Papeleria,Cuaderno,3,Tienda
E-T0170,E-C0017,2026-01-02,Papeleria,Lapicero,1,Tienda
E-T0171,E-C0082,2026-01-31,Arte,Acuarelas,2,Tienda
E-T0171,E-C0082,2026-01-31,Arte,Pinceles,1,Tienda
E-T0172,E-C0091,2026-02-19,Libros,Diccionario,1,Web
E-T0172,E-C0091,2026-02-19,Oficina,Resaltador,1,Web
E-T0173,E-C0008,2026-04-21,Libros,Diccionario,2,Tienda
E-T0173,E-C0008,2026-04-21,Libros,Libro_programacion,1,Tienda
E-T0174,E-C0067,2026-01-23,Tecnico,Calculadora,1,App
E-T0174,E-C0067,2026-01-23,Tecnico,Regla,1,App
E-T0174,E-C0067,2026-01-23,Oficina,Resaltador,1,App
E-T0175,E-C0019,2026-01-01,Tecnico,Calculadora,1,Tienda
E-T0175,E-C0019,2026-01-01,Oficina,Engrapadora,1,Tienda
E-T0176,E-C0028,2026-03-21,Oficina,Clips,1,Web
E-T0176,E-C0028,2026-03-21,Oficina,Folder,1,Web
E-T0177,E-C0039,2026-01-19,Arte,Acuarelas,1,Tienda
E-T0177,E-C0039,2026-01-19,Oficina,Clips,1,Tienda
E-T0178,E-C0014,2026-04-25,Papeleria,Borrador,2,Tienda
E-T0178,E-C0014,2026-04-25,Papeleria,Cuaderno,3,Tienda
E-T0178,E-C0014,2026-04-25,Oficina,Resaltador,1,Tienda
E-T0179,E-C0037,2026-04-30,Papeleria,Borrador,1,Tienda
E-T0179,E-C0037,2026-04-30,Tecnico,Regla,1,Tienda
E-T0180,E-C0086,2026-03-13,Tecnico,Calculadora,1,Web
E-T0180,E-C0086,2026-03-13,Tecnico,Compas,1,Web
E-T0180,E-C0086,2026-03-13,Papeleria,Lapicero,1,Web
E-T0180,E-C0086,2026-03-13,Tecnico,Regla,1,Web
E-T0181,E-C0025,2026-01-22,Papeleria,Borrador,1,Web
E-T0181,E-C0025,2026-01-22,Arte,Cartulina,2,Web
E-T0181,E-C0025,2026-01-22,Tecnico,Compas,1,Web
E-T0181,E-C0025,2026-01-22,Papeleria,Cuaderno,1,Web
E-T0181,E-C0025,2026-01-22,Papeleria,Lapicero,1,Web
E-T0181,E-C0025,2026-01-22,Oficina,Resaltador,1,Web
E-T0182,E-C0056,2026-03-03,Tecnico,Compas,1,Tienda
E-T0182,E-C0056,2026-03-03,Papeleria,Lapiz,2,Tienda
E-T0182,E-C0056,2026-03-03,Libros,Libro_programacion,3,Tienda
E-T0182,E-C0056,2026-03-03,Tecnico,Memoria_USB,1,Tienda
E-T0183,E-C0055,2026-03-07,Arte,Acuarelas,1,Web
E-T0183,E-C0055,2026-03-07,Tecnico,Compas,1,Web
E-T0183,E-C0055,2026-03-07,Papeleria,Cuaderno,1,Web
E-T0183,E-C0055,2026-03-07,Papeleria,Lapicero,1,Web
E-T0183,E-C0055,2026-03-07,Arte,Pinceles,1,Web
E-T0183,E-C0055,2026-03-07,Oficina,Resaltador,2,Web
E-T0184,E-C0094,2026-04-16,Tecnico,Calculadora,1,App
E-T0184,E-C0094,2026-04-16,Oficina,Clips,1,App
E-T0184,E-C0094,2026-04-16,Libros,Libro_programacion,1,App
E-T0184,E-C0094,2026-04-16,Arte,Pinceles,1,App
E-T0185,E-C0084,2026-01-03,Tecnico,Calculadora,1,Telefono
E-T0185,E-C0084,2026-01-03,Papeleria,Cuaderno,1,Telefono
E-T0185,E-C0084,2026-01-03,Oficina,Folder,2,Telefono
E-T0185,E-C0084,2026-01-03,Tecnico,Memoria_USB,1,Telefono
E-T0185,E-C0084,2026-01-03,Tecnico,Regla,1,Telefono
E-T0005,E-C0073,2026-01-26,Papeleria,Cuaderno,1,App
